filename	tipo	texto
lugar_secreto_1.jpeg	religioso	Capilla Las Peñuelas, sector de Quincanque
lugar_secreto_2.jpeg	religioso	Viceparroquia Nuestra Señora de los Dolores, Loica, San Pedro
lugar_secreto_3.jpeg	religioso	Animita en la cumbre de la cuesta Los Guindos
lugar_secreto_4.jpeg	religioso	Gruta de la Virgen de Los Motores, Licancheu, Navidad
lugar_secreto_5.jpeg	industrial	Infraestructura hídrica, La Boca, Navidad
lugar_secreto_6.jpeg	histórico	Casona abandonada cerca de El Monte
lugar_secreto_7.jpeg	histórico	Casonas antiguas en camino viejo a Casablanca
lugar_secreto_8.jpeg	religioso	Animita en la cima de la cuesta Lo Prado
lugar_secreto_9.jpeg	curioso	Torre Eiffel en un patio
lugar_secreto_10.jpeg	cultural	Soldador de metal en Matta Sur
lugar_secreto_11.jpeg	misterioso	Espantapájaros
lugar_secreto_12.jpeg	curioso	Vehículo de Infantería motorizada abandonado
lugar_secreto_13.jpeg	industrial	Infraestructura ferroviaria abandonada en Tiltil
lugar_secreto_14.jpeg	cultural	Relieve en San Miguel
lugar_secreto_15.jpeg	industrial	Túneles del parque inundable Víctor Jara
lugar_secreto_16.jpeg	misterioso	Cementerio viejo de La Dormida
lugar_secreto_17.jpeg	religioso	Capilla de La Dormida
lugar_secreto_18.jpeg	misterioso	Pueblo de El Volcán, Cajón del Maipo
lugar_secreto_19.jpeg	misterioso	Refugio abandonado en Lagunillas, Cajón del Maipo
lugar_secreto_20.jpeg	religioso	Virgen en el árbol, sector Cervera
lugar_secreto_21.jpeg	religioso	Plaza e iglesia de El Recurso
lugar_secreto_22.jpeg	curioso	Camino de tierra al canal Las Perdices
lugar_secreto_23.jpeg	religioso	Animita en una escalera de Lo Barnechea
lugar_secreto_24.jpeg	religioso	Gruta cerca de Valdivia de Paine
lugar_secreto_25.jpeg	religioso	Gruta sobre riachuelo después de La Dormida, camino a Olmúe
lugar_secreto_31.jpeg	curioso	Escultura de palta en plaza de La Cruz
lugar_secreto_32.jpeg	histórico	Ruinas dentro de biblioteca de Ñuñoa
lugar_secreto_33.jpeg	curioso	Caballitos en una plaza de El Bosque
lugar_secreto_34.jpeg	histórico	Molino en Las Mercedes, Puente Alto
lugar_secreto_35.jpeg	industrial	Carro sobre riel cerca de hidroeléctrica, camino al Alfalfal, Cajón del Maipo
lugar_secreto_41.jpeg	religioso	Animita sobre cerro en la desembocadura del Río Rapel, La Boca
lugar_secreto_42.jpeg	religioso	Cruz en el bosque esclerófilo Panul, La Florida
lugar_secreto_43.jpeg	industrial	Infreaestructura minera en la carretera del ácido, Coya
lugar_secreto_44.jpeg	naturaleza	Río Cholqui debajo de una pasarela, cerca de Melipilla
lugar_secreto_45.jpeg	curioso	Casa de Chayanne, Rancagua
lugar_secreto_51.jpeg	religioso	Gruta de la Virgen de Lourdes, Curimón, San Felipe
lugar_secreto_52.jpeg	religioso	Animita, Olivar Bajo
lugar_secreto_53.jpeg	religioso	Virgen en una caída de agua, después de la cuesta Chada, La Punta
lugar_secreto_54.jpeg	religioso	Iglesia de madera, sector El Barrancón, San Bernardo
lugar_secreto_55.jpeg	religioso	Virgen en las rocas, Río Colorado, camino al Alfalfal, San José de Maipo
lugar_secreto_71.jpeg	industrial	Galpón en los caracoles del Paso Internacional Los Libertadores
lugar_secreto_72.jpeg	misterioso	Estructura abandonada antes de los caracoles del Paso Internacional Los Libertadores
lugar_secreto_73.jpeg	religioso	Iglesia pasado Los Andes, camino al Paso Internacional Los Libertadores
lugar_secreto_74.jpeg	histórico	Túneles ferroviarios abandonados sobre el río Aconcagua, Los Andes
lugar_secreto_75.jpeg	religioso	Iglesia pasado Los Andes, camino al Paso Internacional Los Libertadores
lugar_secreto_76.jpeg	religioso	Capilla, sector El Abra, Requínoa
lugar_secreto_77.jpeg	histórico	Casona abandonada y derrumbada, sector Chorombo, Ibacache
lugar_secreto_110.jpeg	curioso	Barco abandonado cerca del terminal pesquero de Lo Espejo
lugar_secreto_111.jpeg	naturaleza	Cueva en el sector de Las Varas, camino a Farellones
lugar_secreto_112.jpeg	industrial	Subestación eléctrica abandonada de Rungue
lugar_secreto_11212.jpeg	religioso	Gruta en una cueva
lugar_secreto_113.jpeg	religioso	Cristo metálico WarHammer 40K
lugar_secreto_114.jpeg	misterioso	Túnel El Tinoco
lugar_secreto_115.jpeg	industrial	Infraestructura de hidroeléctrica, río Colorado
lugar_secreto_116.jpeg	misterioso	Edificio de departamentos abandonado, Rancagua
lugar_secreto_117.jpeg	industrial	Chimeneas Lechería
lugar_secreto_118.jpeg	industrial	Túneles del parque inundable, Zanjón de la Aguada
lugar_secreto_119.jpeg	religioso	Altar a San Expedito
lugar_secreto_1110.jpeg	curioso	Bicicleta en ruta Concón-Quillota
lugar_secreto_1111.jpeg	curioso	Pingüino satánico
lugar_secreto_1112.jpeg	industrial	Cervecería CCU, Limache
lugar_secreto_1113.jpeg	curioso	Pirque, arriero metálico
lugar_secreto_1114.jpeg	religioso	Subterráneo de la Iglesia de los Sacramentinos
lugar_secreto_1115.jpeg	religioso	Interior de la Iglesia de Santa Ana
lugar_secreto_1116.jpeg	curioso	Esculturas en quebrada de Algarrobo
lugar_secreto_1117.jpeg	religioso	Virgen en la playa de Las Cruces
lugar_secreto_1118.jpeg	religioso	Cristo rural
lugar_secreto_1119.jpeg	religioso	Altar a al virgen, Nuestra Señora del Carmen, Puangue
lugar_secreto_1120.jpeg	industrial	Pasarelas, villa Portales
lugar_secreto_1121.jpeg	industrial	Paso bajo nivel, avenida Carrascal
lugar_secreto_1122.jpeg	misterioso	Cueva en cerro Santa Lucía
lugar_secreto_1123.jpeg	industrial	Debajo de la autopista Vespucio, El Cortijo
lugar_secreto_1124.jpeg	religioso	Virgen en hospital Salvador
lugar_secreto_1125.jpeg	religioso	Interior del campanario de la Catedral de Santiago
lugar_secreto_1126.jpeg	histórico	Torreón, Matta Sur
lugar_secreto_1127.jpeg	industrial	Maestranza
lugar_secreto_1128.jpeg	religioso	Virgen en el cerro, camino al Toyo
lugar_secreto_1129.jpeg	misterioso	Casona embrujada, camino al Volcán
lugar_secreto_1130.jpeg	religioso	Capilla Nuestra Señora de Las Mercedes, El Volcán
lugar_secreto_1131.jpeg	industrial	Hidroeléctrica
lugar_secreto_1132.jpeg	social	Memorial a Reinalda Del Carmen Pereira
lugar_secreto_1133.jpeg	social	Memorial a víctimas de la dictadura, cuesta Barriga
lugar_secreto_1134.jpeg	industrial	Paso inferior de agua, camino al Toyo
lugar_secreto_11112.jpeg	industrial	Compuertas de la represa del lago Rapel
lugar_secreto_81.jpeg	misterioso	Chancheras abandonadas, El Monte
lugar_secreto_82.jpeg	industrial	Puente ferroviario, Talagante
lugar_secreto_83.jpeg	misterioso	Casa abandonada, Loreto, camino a Lonquén
lugar_secreto_84.jpeg	industrial	Torre de agua y pasarela, increíble combinación
lugar_secreto_85.jpeg	religioso	Cristo Huaso de Lagunillas


